{"GBPINR": {"strike_price_15": {"strike_price": 524.94, "calls": {"ask_price": 1.4132, "bid_quantity": 1630, "LTP": 1.1144, "ask_quantity": 1583, "OI": 32509, "IV": 4.55, "volume": 6531, "bid_price": 2.2406, "change_in_OI": -3170}, "puts": {"ask_price": 1.1039, "bid_quantity": 1576, "LTP": 0.4594, "ask_quantity": 1583, "OI": 23514, "IV": 27.69, "volume": 29472, "bid_price": 1.9221, "change_in_OI": 22040}}, "strike_price_27": {"strike_price": 944.8920000000003, "calls": {"ask_price": 0.2375, "bid_quantity": 986, "LTP": 1.0504, "ask_quantity": 1775, "OI": 44232, "IV": 12.3, "volume": 27583, "bid_price": 2.1196, "change_in_OI": 18183}, "puts": {"ask_price": 2.6133, "bid_quantity": 1630, "LTP": 0.3802, "ask_quantity": 923, "OI": 29, "IV": 28.46, "volume": 23262, "bid_price": 0.5856, "change_in_OI": 20009}}, "strike_price_17": {"strike_price": 594.932, "calls": {"ask_price": 2.5608, "bid_quantity": 862, "LTP": 1.1713, "ask_quantity": 1952, "OI": 5629, "IV": 24.91, "volume": 6513, "bid_price": 0.0613, "change_in_OI": 16929}, "puts": {"ask_price": 2.6928, "bid_quantity": 755, "LTP": 1.3025, "ask_quantity": 634, "OI": 30558, "IV": 11.7, "volume": 11843, "bid_price": 0.8137, "change_in_OI": -7418}}, "strike_price_16": {"strike_price": 559.936, "calls": {"ask_price": 2.6749, "bid_quantity": 793, "LTP": 0.0658, "ask_quantity": 138, "OI": 29546, "IV": 24.51, "volume": 16263, "bid_price": 0.6621, "change_in_OI": -13442}, "puts": {"ask_price": 2.8959, "bid_quantity": 1551, "LTP": 2.1915, "ask_quantity": 930, "OI": 37431, "IV": 35.91, "volume": 19484, "bid_price": 1.7462, "change_in_OI": -14206}}, "strike_price_11": {"strike_price": 384.9559999999999, "calls": {"ask_price": 1.8898, "bid_quantity": 1224, "LTP": 0.5239, "ask_quantity": 922, "OI": 19261, "IV": 19.85, "volume": 20058, "bid_price": 2.528, "change_in_OI": 7721}, "puts": {"ask_price": 0.6005, "bid_quantity": 1304, "LTP": 0.0555, "ask_quantity": 1780, "OI": 18954, "IV": 45.16, "volume": 14262, "bid_price": 1.3748, "change_in_OI": -21260}}, "strike_price_26": {"strike_price": 909.8960000000003, "calls": {"ask_price": 0.2571, "bid_quantity": 184, "LTP": 2.5967, "ask_quantity": 456, "OI": 15306, "IV": 50.83, "volume": 18884, "bid_price": 0.317, "change_in_OI": -23860}, "puts": {"ask_price": 1.9419, "bid_quantity": 1555, "LTP": 1.5561, "ask_quantity": 1658, "OI": 10190, "IV": 6.91, "volume": 27509, "bid_price": 0.0666, "change_in_OI": -16374}}, "strike_price_4": {"strike_price": 139.98399999999998, "calls": {"ask_price": 1.127, "bid_quantity": 295, "LTP": 2.0039, "ask_quantity": 196, "OI": 20566, "IV": 45.78, "volume": 6640, "bid_price": 1.8193, "change_in_OI": -14564}, "puts": {"ask_price": 2.8897, "bid_quantity": 1043, "LTP": 2.8089, "ask_quantity": 349, "OI": 18986, "IV": 8.97, "volume": 17492, "bid_price": 1.2964, "change_in_OI": -14673}}, "strike_price_9": {"strike_price": 314.964, "calls": {"ask_price": 1.9718, "bid_quantity": 1708, "LTP": 1.5131, "ask_quantity": 1029, "OI": 48785, "IV": 2.66, "volume": 1997, "bid_price": 1.7626, "change_in_OI": -22667}, "puts": {"ask_price": 1.2696, "bid_quantity": 255, "LTP": 2.2217, "ask_quantity": 1899, "OI": 8058, "IV": 54.0, "volume": 16184, "bid_price": 0.0366, "change_in_OI": -9376}}, "strike_price_25": {"strike_price": 874.9000000000002, "calls": {"ask_price": 1.1286, "bid_quantity": 429, "LTP": 1.7721, "ask_quantity": 1373, "OI": 31086, "IV": 11.79, "volume": 26202, "bid_price": 2.818, "change_in_OI": 21005}, "puts": {"ask_price": 0.4106, "bid_quantity": 1218, "LTP": 2.0959, "ask_quantity": 862, "OI": 5550, "IV": 48.44, "volume": 29863, "bid_price": 1.3571, "change_in_OI": -1603}}, "strike_price_12": {"strike_price": 419.952, "calls": {"ask_price": 2.031, "bid_quantity": 11, "LTP": 1.6592, "ask_quantity": 158, "OI": 17124, "IV": 15.92, "volume": 29239, "bid_price": 2.2367, "change_in_OI": -989}, "puts": {"ask_price": 2.2546, "bid_quantity": 1389, "LTP": 0.2664, "ask_quantity": 1244, "OI": 16391, "IV": 38.32, "volume": 5621, "bid_price": 1.7299, "change_in_OI": -4754}}, "strike_price_6": {"strike_price": 209.976, "calls": {"ask_price": 2.1985, "bid_quantity": 1792, "LTP": 0.4103, "ask_quantity": 984, "OI": 25738, "IV": 9.81, "volume": 1429, "bid_price": 1.6537, "change_in_OI": -7170}, "puts": {"ask_price": 1.4714, "bid_quantity": 1019, "LTP": 1.1345, "ask_quantity": 1037, "OI": 18626, "IV": 56.37, "volume": 9483, "bid_price": 0.8781, "change_in_OI": 7335}}, "strike_price_5": {"strike_price": 174.98, "calls": {"ask_price": 0.9465, "bid_quantity": 1455, "LTP": 1.7669, "ask_quantity": 1215, "OI": 5866, "IV": 27.81, "volume": 11618, "bid_price": 2.0091, "change_in_OI": -21310}, "puts": {"ask_price": 2.4088, "bid_quantity": 827, "LTP": 2.8897, "ask_quantity": 1782, "OI": 26940, "IV": 26.45, "volume": 4425, "bid_price": 0.2413, "change_in_OI": -14515}}, "strike_price_3": {"strike_price": 104.98800000000001, "calls": {"ask_price": 1.5257, "bid_quantity": 580, "LTP": 1.0623, "ask_quantity": 1472, "OI": 43800, "IV": 48.32, "volume": 12550, "bid_price": 1.5867, "change_in_OI": 8271}, "puts": {"ask_price": 2.8359, "bid_quantity": 179, "LTP": 1.5566, "ask_quantity": 1577, "OI": 824, "IV": 18.61, "volume": 29775, "bid_price": 0.2221, "change_in_OI": -11735}}, "strike_price_18": {"strike_price": 629.9280000000002, "calls": {"ask_price": 1.7037, "bid_quantity": 607, "LTP": 1.9467, "ask_quantity": 1215, "OI": 29558, "IV": 34.84, "volume": 25534, "bid_price": 1.7804, "change_in_OI": -17984}, "puts": {"ask_price": 2.742, "bid_quantity": 1304, "LTP": 0.8328, "ask_quantity": 1372, "OI": 25939, "IV": 20.56, "volume": 2766, "bid_price": 2.352, "change_in_OI": -24266}}, "strike_price_2": {"strike_price": 69.99199999999999, "calls": {"ask_price": 2.8574, "bid_quantity": 939, "LTP": 1.5029, "ask_quantity": 1617, "OI": 34071, "IV": 3.68, "volume": 28454, "bid_price": 1.2587, "change_in_OI": -22067}, "puts": {"ask_price": 1.6531, "bid_quantity": 1696, "LTP": 2.1227, "ask_quantity": 794, "OI": 7375, "IV": 54.66, "volume": 7994, "bid_price": 0.2166, "change_in_OI": 18518}}, "strike_price_30": {"strike_price": 1049.8800000000003, "calls": {"ask_price": 1.6186, "bid_quantity": 4, "LTP": 0.5046, "ask_quantity": 1985, "OI": 13677, "IV": 23.55, "volume": 15591, "bid_price": 1.9738, "change_in_OI": 17103}, "puts": {"ask_price": 0.5418, "bid_quantity": 777, "LTP": 2.9608, "ask_quantity": 678, "OI": 17044, "IV": 59.31, "volume": 22013, "bid_price": 1.6832, "change_in_OI": -14748}}, "strike_price_7": {"strike_price": 244.97199999999998, "calls": {"ask_price": 1.7924, "bid_quantity": 777, "LTP": 2.6365, "ask_quantity": 461, "OI": 34153, "IV": 13.02, "volume": 20467, "bid_price": 2.4616, "change_in_OI": -3555}, "puts": {"ask_price": 2.3784, "bid_quantity": 945, "LTP": 1.2299, "ask_quantity": 411, "OI": 46393, "IV": 51.25, "volume": 20219, "bid_price": 1.5948, "change_in_OI": 18454}}, "strike_price_29": {"strike_price": 1014.8840000000004, "calls": {"ask_price": 2.3368, "bid_quantity": 1097, "LTP": 1.5371, "ask_quantity": 597, "OI": 6092, "IV": 15.06, "volume": 15476, "bid_price": 1.1112, "change_in_OI": -22992}, "puts": {"ask_price": 1.7203, "bid_quantity": 764, "LTP": 1.6923, "ask_quantity": 1667, "OI": 28730, "IV": 22.29, "volume": 20380, "bid_price": 0.5228, "change_in_OI": 5541}}, "strike_price_22": {"strike_price": 769.9120000000001, "calls": {"ask_price": 2.6361, "bid_quantity": 308, "LTP": 2.542, "ask_quantity": 1591, "OI": 49399, "IV": 26.01, "volume": 3736, "bid_price": 1.5054, "change_in_OI": -18187}, "puts": {"ask_price": 0.0175, "bid_quantity": 777, "LTP": 0.9698, "ask_quantity": 1010, "OI": 2684, "IV": 56.63, "volume": 12171, "bid_price": 0.1021, "change_in_OI": 8673}}, "strike_price_14": {"strike_price": 489.944, "calls": {"ask_price": 1.9429, "bid_quantity": 1662, "LTP": 1.0727, "ask_quantity": 26, "OI": 45001, "IV": 22.71, "volume": 13705, "bid_price": 1.7409, "change_in_OI": -23830}, "puts": {"ask_price": 0.0341, "bid_quantity": 268, "LTP": 1.5624, "ask_quantity": 1964, "OI": 34250,